CustomerID,Month Of Interaction,New/Old Customer,Referral sources,Clothing Section_x,Journey Stage,Touchpoints,Actions,Outcomes,Sales Campaign_x,Feedback Rating,Channels,ProductID,Product Name,Product Category,Clothing Section_y,Sales Campaign_y,Discount Applied?,Total Amount (in Rs)
2,January,No,Social Media Influencer,Men,Purchase,Website,Made Purchase,Purchased,Winter Collection,2,Online,1001.0,Tshirt,Topwear,Men,Winter Collection,Yes,690.0
3,February,Yes,Friends/Family,Men,Purchase,E-Commerce,Made Purchase,Purchased,End of Season Sale,2,Online,1002.0,Tshirt,Topwear,Men,End of Season Sale,No,2845.0
5,January,Yes,Friends/Family,Men,Purchase,Social Media,Added to Cart,Purchased,Winter Collection,5,Online,1003.0,Shoes,Footwear,Men,Winter Collection,Yes,3325.0
6,March,Yes,Friends/Family,Men,Purchase,In-Store,Made Purchase,Purchased,End of Season Sale,8,In-Person,1004.0,Co-ord Sets,Topwear,Men,End of Season Sale,Yes,2430.0
7,February,No,Friends/Family,Men,Purchase,E-Commerce,Added to Cart,Purchased,Winter Collection,10,Online,1005.0,Shorts,Bottomwear,Men,Winter Collection,No,1145.0
8,April,Yes,Friends/Family,Men,Purchase,E-Commerce,Made Purchase,Purchased,New Arrivals,1,Online,1006.0,Shoes,Footwear,Men,New Arrivals,No,1060.0
9,April,No,Friends/Family,Men,Purchase,E-Commerce,Made Purchase,Purchased,Summer Collection,7,Online,1007.0,Shirt,Topwear,Men,Summer Collection,No,1115.0
10,March,Yes,Social Media Influencer,Men,Purchase,E-Commerce,Made Purchase,Purchased,New Arrivals,3,Online,1008.0,Shoes,Footwear,Men,New Arrivals,No,3395.0
11,March,Yes,Friends/Family,Men,Purchase,In-Store,Made Purchase,Purchased,End of Season Sale,6,In-Person,1009.0,Tshirt,Topwear,Men,End of Season Sale,No,2365.0
13,April,Yes,Social Media Influencer,Men,Purchase,In-Store,Made Purchase,Purchased,Summer Collection,5,In-Person,1010.0,Hoodie,Topwear,Men,Summer Collection,Yes,4350.0
14,April,Yes,Social Media Influencer,Men,Purchase,Social Media,Made Purchase,Purchased,Summer Collection,5,Online,1011.0,Sweatshirt,Topwear,Men,Summer Collection,No,505.0
15,April,Yes,Social Media Influencer,Men,Purchase,E-Commerce,Made Purchase,Purchased,New Arrivals,1,Online,1012.0,Joggers,Bottomwear,Men,New Arrivals,Yes,4175.0
16,January,Yes,Friends/Family,Men,Purchase,Social Media,Made Purchase,Purchased,New Arrivals,1,Online,1013.0,Pants,Bottomwear,Men,New Arrivals,Yes,3045.0
17,April,No,Advertisement,Men,Purchase,E-Commerce,Made Purchase,Purchased,Summer Collection,3,Online,1014.0,Shoes,Footwear,Men,Summer Collection,No,3085.0
19,February,Yes,Social Media Influencer,Women,Purchase,Website,Made Purchase,Purchased,End of Season Sale,8,Online,1015.0,Shoes,Topwear,Women,End of Season Sale,Yes,3045.0
20,January,Yes,Advertisement,Women,Purchase,Website,Made Purchase,Purchased,Winter Collection,5,Online,1016.0,Sweatshirt,Topwear,Women,Winter Collection,Yes,3855.0
23,April,No,Advertisement,Men,Purchase,Social Media,Made Purchase,Purchased,Summer Collection,2,Online,1017.0,Joggers,Bottomwear,Men,Summer Collection,Yes,3700.0
24,February,No,Friends/Family,Men,Purchase,Social Media,Made Purchase,Purchased,End of Season Sale,9,Online,1018.0,Shirt,Topwear,Men,End of Season Sale,Yes,4145.0
25,March,No,Advertisement,Women,Purchase,Website,Made Purchase,Purchased,End of Season Sale,2,Online,1019.0,Shorts,Bottomwear,Women,End of Season Sale,No,1765.0
26,February,Yes,Friends/Family,Men,Retention,Website,Posted Review,Review Posted,Winter Collection,9,Online,1020.0,Hoodie,Topwear,Men,Winter Collection,Yes,4885.0
27,March,Yes,Advertisement,Men,Retention,Website,Posted Review,Review Posted,End of Season Sale,7,Online,1021.0,Shoes,Footwear,Men,End of Season Sale,No,2110.0
28,January,Yes,Friends/Family,Men,Purchase,E-Commerce,Made Purchase,Purchased,Winter Collection,8,Online,1022.0,Shirt,Topwear,Men,Winter Collection,No,2185.0
31,April,No,Friends/Family,Women,Retention,Website,Posted Review,Review Posted,Summer Collection,6,Online,1023.0,Tshirt,Topwear,Women,Summer Collection,Yes,505.0
34,January,Yes,Advertisement,Men,Retention,Social Media,Posted Review,Review Posted,Winter Collection,8,Online,1024.0,Bagpack,Accessories,Men,Winter Collection,No,1455.0
35,February,Yes,Advertisement,Women,Retention,Website,Posted Review,Review Posted,New Arrivals,2,Online,1025.0,Joggers,Bottomwear,Women,New Arrivals,No,3530.0
36,February,No,Friends/Family,Women,Purchase,Website,Made Purchase,Purchased,End of Season Sale,10,Online,1026.0,Shirt,Topwear,Women,End of Season Sale,No,1775.0
39,March,Yes,Advertisement,Men,Purchase,Website,Made Purchase,Purchased,New Arrivals,2,Online,1027.0,Tshirt,Topwear,Men,New Arrivals,Yes,2110.0
40,January,No,Friends/Family,Men,Purchase,In-Store,Made Purchase,Purchased,Winter Collection,5,In-Person,1028.0,Cap,Accessories,Men,Winter Collection,No,1295.0
41,April,Yes,Friends/Family,Men,Purchase,Social Media,Made Purchase,Purchased,Summer Collection,1,Online,1029.0,Cap,Accessories,Men,Summer Collection,No,505.0
42,January,No,Friends/Family,Men,Purchase,Website,Made Purchase,Purchased,Winter Collection,7,Online,1030.0,Pants,Bottomwear,Men,Winter Collection,No,4680.0
43,January,No,Social Media Influencer,Men,Advocacy,Website,Gave Referral,Referral Made,Winter Collection,8,Online,1031.0,Cap,Accessories,Men,Winter Collection,Yes,2320.0
45,February,Yes,Social Media Influencer,Men,Advocacy,Social Media,Gave Referral,Referral Made,End of Season Sale,5,Online,1032.0,Shoes,Footwear,Men,End of Season Sale,No,680.0
50,April,No,Advertisement,Men,Advocacy,Website,Made Purchase,Referral Made,Summer Collection,7,Online,1033.0,Cap,Accessories,Men,Summer Collection,Yes,2425.0
51,February,Yes,Advertisement,Men,Retention,Social Media,Posted Review,Review Posted,New Arrivals,10,Online,1034.0,Shoes,Footwear,Men,New Arrivals,Yes,2225.0
53,March,Yes,Social Media Influencer,Women,Retention,E-Commerce,Posted Review,Review Posted,Summer Collection,2,Online,1035.0,Pants,Bottomwear,Women,Summer Collection,Yes,4550.0
56,March,Yes,Social Media Influencer,Men,Purchase,Social Media,Made Purchase,Continued Browsing,End of Season Sale,10,Online,1036.0,Pants,Bottomwear,Men,End of Season Sale,Yes,1500.0
57,April,Yes,Social Media Influencer,Men,Retention,Social Media,Posted Review,Review Posted,New Arrivals,8,Online,1037.0,Shorts,Bottomwear,Men,New Arrivals,Yes,1055.0
59,January,No,Social Media Influencer,Men,Advocacy,E-Commerce,Gave Referral,Referral Made,New Arrivals,1,Online,1038.0,Joggers,Bottomwear,Men,New Arrivals,Yes,1255.0
60,March,Yes,Advertisement,Men,Purchase,E-Commerce,Made Purchase,Continued Browsing,End of Season Sale,8,Online,1039.0,Pants,Bottomwear,Men,End of Season Sale,No,4770.0
61,February,No,Friends/Family,Men,Purchase,E-Commerce,Added to Cart,Purchased,Winter Collection,9,Online,1040.0,Shoes,Footwear,Men,Winter Collection,Yes,2815.0
62,April,No,Advertisement,Men,Advocacy,Website,Gave Referral,Referral Made,New Arrivals,8,Online,1041.0,Shoes,Footwear,Men,New Arrivals,No,2595.0
63,January,Yes,Friends/Family,Men,Purchase,E-Commerce,Made Purchase,Purchased,Winter Collection,6,Online,1042.0,Joggers,Bottomwear,Men,Winter Collection,No,2015.0
64,April,Yes,Friends/Family,Women,Retention,E-Commerce,Posted Review,Review Posted,Summer Collection,6,Online,1043.0,Cap,Accessories,Women,End of Season Sale,Yes,1725.0
65,February,Yes,Social Media Influencer,Women,Retention,Social Media,Posted Review,Review Posted,End of Season Sale,3,Online,1044.0,Tshirt,Topwear,Women,End of Season Sale,No,2860.0
67,February,Yes,Social Media Influencer,Women,Retention,Website,Posted Review,Review Posted,End of Season Sale,5,Online,1045.0,Shorts,Bottomwear,Women,End of Season Sale,No,3990.0
69,March,Yes,Friends/Family,Men,Advocacy,Website,Gave Referral,Referral Made,End of Season Sale,10,Online,1046.0,Cap,Accessories,Men,End of Season Sale,No,1095.0
72,January,No,Friends/Family,Men,Purchase,Social Media,Made Purchase,Continued Browsing,Winter Collection,6,Online,1047.0,Hoodie,Topwear,Men,Winter Collection,No,1260.0
73,January,Yes,Friends/Family,Men,Retention,Social Media,Posted Review,Review Posted,Winter Collection,9,Online,1048.0,Joggers,Bottomwear,Men,Winter Collection,Yes,4290.0
77,April,No,Social Media Influencer,Men,Advocacy,Website,Made Purchase,Referral Made,Summer Collection,9,Online,1049.0,Pants,Bottomwear,Men,Summer Collection,No,4675.0
78,January,No,Advertisement,Men,Advocacy,Website,Made Purchase,Referral Made,Winter Collection,5,Online,1050.0,Shoes,Footwear,Men,Winter Collection,Yes,3620.0
80,April,Yes,Social Media Influencer,Women,Retention,Social Media,Posted Review,Review Posted,Summer Collection,4,Online,1051.0,Co-ord Sets,Topwear,Women,Summer Collection,No,2240.0
81,April,No,Advertisement,Men,Retention,Website,Posted Review,Review Posted,Summer Collection,2,Online,1052.0,Top,Topwear,Men,Summer Collection,No,2420.0
82,March,Yes,Advertisement,Men,Purchase,Social Media,Made Purchase,Purchased,New Arrivals,6,Online,1053.0,Bagpack,Accessories,Men,New Arrivals,Yes,2510.0
83,April,Yes,Social Media Influencer,Men,Advocacy,Website,Made Purchase,Referral Made,Summer Collection,8,Online,1054.0,Shoes,Footwear,Men,Summer Collection,No,1450.0
84,March,No,Social Media Influencer,Men,Retention,E-Commerce,Posted Review,Review Posted,New Arrivals,6,Online,1055.0,Shoes,Footwear,Men,New Arrivals,No,2365.0
85,February,Yes,Advertisement,Men,Retention,Social Media,Posted Review,Review Posted,New Arrivals,3,Online,1056.0,Shirt,Topwear,Men,New Arrivals,No,1880.0
86,March,No,Advertisement,Women,Advocacy,E-Commerce,Gave Referral,Referral Made,End of Season Sale,6,Online,1057.0,Shoes,Footwear,Women,End of Season Sale,Yes,2550.0
88,March,Yes,Social Media Influencer,Women,Purchase,In-Store,Added to Cart,Purchased,Summer Collection,9,In-Person,1058.0,Tshirt,Topwear,Women,Summer Collection,No,4145.0
89,April,No,Advertisement,Men,Retention,Website,Posted Review,Review Posted,New Arrivals,9,Online,1059.0,Top,Topwear,Men,New Arrivals,Yes,3615.0
91,March,No,Advertisement,Men,Advocacy,Website,Gave Referral,Referral Made,Summer Collection,3,Online,1060.0,Shorts,Bottomwear,Men,Summer Collection,No,4500.0
92,April,No,Advertisement,Women,Purchase,In-Store,Made Purchase,Purchased,Summer Collection,6,In-Person,1061.0,Joggers,Bottomwear,Women,Summer Collection,Yes,3700.0
93,January,No,Social Media Influencer,Women,Advocacy,Website,Gave Referral,Referral Made,Winter Collection,8,Online,1062.0,Shoes,Footwear,Women,Winter Collection,Yes,680.0
94,January,Yes,Advertisement,Women,Purchase,In-Store,Made Purchase,Purchased,Winter Collection,6,In-Person,1063.0,Shoes,Footwear,Women,Winter Collection,No,2845.0
95,April,Yes,Social Media Influencer,Men,Retention,Website,Posted Review,Review Posted,Summer Collection,7,Online,1064.0,Shoes,Footwear,Men,Summer Collection,No,4890.0
96,April,No,Social Media Influencer,Men,Advocacy,Social Media,Gave Referral,Referral Made,Summer Collection,9,Online,1065.0,Pants,Bottomwear,Men,Summer Collection,Yes,1760.0
97,March,No,Advertisement,Women,Retention,E-Commerce,Posted Review,Review Posted,End of Season Sale,5,Online,1066.0,Hoodie,Topwear,Women,End of Season Sale,Yes,4330.0
101,March,No,Social Media Influencer,Men,Advocacy,Website,Gave Referral,Referral Made,Summer Collection,5,Online,1067.0,Tshirt,Topwear,Men,Summer Collection,No,2550.0
102,April,No,Social Media Influencer,Women,Retention,Website,Posted Review,Review Posted,Summer Collection,3,Online,1068.0,Shorts,Bottomwear,Women,Summer Collection,Yes,1485.0
103,January,No,Social Media Influencer,Women,Advocacy,Website,Made Purchase,Referral Made,Winter Collection,9,Online,1069.0,Joggers,Bottomwear,Women,Winter Collection,No,4890.0
106,March,No,Social Media Influencer,Women,Purchase,E-Commerce,Made Purchase,Continued Browsing,New Arrivals,6,Online,1070.0,Pants,Bottomwear,Women,New Arrivals,No,1110.0
107,March,No,Social Media Influencer,Men,Retention,Social Media,Posted Review,Review Posted,End of Season Sale,3,Online,1071.0,Pants,Bottomwear,Men,End of Season Sale,No,3790.0
108,February,Yes,Social Media Influencer,Men,Retention,Social Media,Posted Review,Review Posted,Winter Collection,6,Online,1072.0,Shorts,Bottomwear,Men,Winter Collection,No,3845.0
109,February,Yes,Advertisement,Women,Advocacy,Social Media,Gave Referral,Referral Made,End of Season Sale,10,Online,1073.0,Joggers,Bottomwear,Women,End of Season Sale,Yes,4605.0
110,March,Yes,Social Media Influencer,Men,Advocacy,E-Commerce,Gave Referral,Referral Made,Summer Collection,3,Online,1074.0,Shoes,Footwear,Men,Summer Collection,No,4500.0
112,April,No,Advertisement,Men,Purchase,In-Store,Added to Cart,Purchased,Summer Collection,10,In-Person,1075.0,Shoes,Footwear,Men,Summer Collection,Yes,1910.0
114,February,No,Social Media Influencer,Men,Retention,E-Commerce,Posted Review,Review Posted,Winter Collection,9,Online,1076.0,Shoes,Footwear,Men,Winter Collection,No,990.0
115,April,No,Social Media Influencer,Men,Purchase,Website,Made Purchase,Purchased,Summer Collection,3,Online,1077.0,Shoes,Footwear,Men,Summer Collection,Yes,1510.0
116,January,No,Advertisement,Women,Retention,Website,Posted Review,Review Posted,New Arrivals,5,Online,1078.0,Shorts,Bottomwear,Women,New Arrivals,No,1260.0
118,April,Yes,Social Media Influencer,Women,Retention,Website,Posted Review,Review Posted,New Arrivals,3,Online,1079.0,Co-ord Sets,Topwear,Women,New Arrivals,Yes,4955.0
124,April,Yes,Social Media Influencer,Men,Retention,Social Media,Made Purchase,Review Posted,Summer Collection,5,Online,1080.0,Tshirt,Topwear,Men,Summer Collection,Yes,3540.0
127,April,No,Advertisement,Women,Purchase,Website,Added to Cart,Purchased,Summer Collection,8,Online,1081.0,Pants,Bottomwear,Women,Summer Collection,No,4330.0
131,January,No,Social Media Influencer,Men,Retention,Website,Made Purchase,Review Posted,Winter Collection,5,Online,1082.0,Hoodie,Topwear,Men,Winter Collection,No,1535.0
132,March,Yes,Social Media Influencer,Women,Retention,Website,Posted Review,Review Posted,New Arrivals,7,Online,1083.0,Bagpack,Accessories,Women,New Arrivals,No,4975.0
134,April,Yes,Social Media Influencer,Men,Purchase,E-Commerce,Added to Cart,Purchased,Summer Collection,5,Online,1084.0,Shoes,Footwear,Men,Summer Collection,No,685.0
137,April,Yes,Social Media Influencer,Men,Retention,E-Commerce,Posted Review,Review Posted,Summer Collection,3,Online,1085.0,Bagpack,Accessories,Men,Summer Collection,Yes,1595.0
139,February,Yes,Advertisement,Men,Purchase,Website,Made Purchase,Continued Browsing,Winter Collection,5,Online,1086.0,Pants,Bottomwear,Men,Winter Collection,No,1485.0
142,April,Yes,Advertisement,Kids,Purchase,E-Commerce,Added to Cart,Purchased,Summer Collection,9,Online,1087.0,Shoes,Footwear,Kids,Summer Collection,Yes,2880.0
143,April,No,Advertisement,Men,Retention,Website,Posted Review,Review Posted,Summer Collection,4,Online,1088.0,Shorts,Bottomwear,Men,Summer Collection,Yes,2425.0
145,January,No,Advertisement,Kids,Retention,Social Media,Posted Review,Review Posted,New Arrivals,5,Online,1089.0,Shirt,Topwear,Kids,New Arrivals,No,3700.0
150,April,No,Social Media Influencer,Kids,Retention,Website,Posted Review,Review Posted,Summer Collection,2,Online,1090.0,Co-ord Sets,Topwear,Kids,Summer Collection,Yes,3795.0
156,March,No,Advertisement,Women,Purchase,Website,Made Purchase,Continued Browsing,Summer Collection,7,Online,1091.0,Co-ord Sets,Topwear,Women,Summer Collection,Yes,4175.0
158,January,No,Social Media Influencer,Women,Retention,Website,Posted Review,Review Posted,Winter Collection,7,Online,1092.0,Co-ord Sets,Topwear,Women,Winter Collection,Yes,4755.0
162,February,Yes,Social Media Influencer,Kids,Purchase,Website,Added to Cart,Purchased,End of Season Sale,10,Online,1093.0,Tshirt,Topwear,Kids,End of Season Sale,Yes,2860.0
165,March,Yes,Social Media Influencer,Men,Purchase,Social Media,Made Purchase,Purchased,New Arrivals,8,Online,1094.0,Pants,Bottomwear,Men,New Arrivals,No,3530.0
168,January,Yes,Advertisement,Women,Purchase,Website,Added to Cart,Purchased,New Arrivals,6,Online,1095.0,Co-ord Sets,Topwear,Women,New Arrivals,No,1135.0
171,April,Yes,Social Media Influencer,Men,Purchase,In-Store,Made Purchase,Purchased,New Arrivals,8,In-Person,1096.0,Tshirt,Topwear,Men,New Arrivals,No,2795.0
173,February,Yes,Advertisement,Kids,Purchase,Website,Made Purchase,Continued Browsing,Winter Collection,10,Online,1097.0,Pants,Bottomwear,Kids,Winter Collection,No,4390.0
174,January,Yes,Advertisement,Men,Purchase,Website,Made Purchase,Purchased,Winter Collection,7,Online,1098.0,Co-ord Sets,Topwear,Men,Winter Collection,Yes,1060.0
176,April,No,Advertisement,Kids,Purchase,E-Commerce,Made Purchase,Purchased,New Arrivals,6,Online,1099.0,Bagpack,Accessories,Kids,New Arrivals,Yes,2605.0
178,April,Yes,Advertisement,Men,Purchase,Social Media,Made Purchase,Purchased,Summer Collection,6,Online,1100.0,Bagpack,Accessories,Men,Summer Collection,No,2320.0
181,March,No,Social Media Influencer,Men,Purchase,In-Store,Made Purchase,Purchased,Summer Collection,6,In-Person,1101.0,Bagpack,Accessories,Men,Summer Collection,No,3790.0
184,January,Yes,Advertisement,Men,Purchase,In-Store,Made Purchase,Purchased,Winter Collection,10,In-Person,1102.0,Co-ord Sets,Topwear,Men,Winter Collection,No,3755.0
185,April,No,Social Media Influencer,Kids,Purchase,Website,Made Purchase,Purchased,Summer Collection,6,Online,1103.0,Shorts,Bottomwear,Kids,Summer Collection,Yes,4485.0
193,February,Yes,Social Media Influencer,Women,Purchase,In-Store,Made Purchase,Purchased,End of Season Sale,9,In-Person,1104.0,Joggers,Bottomwear,Women,End of Season Sale,No,4890.0
194,February,Yes,Social Media Influencer,Women,Purchase,Social Media,Made Purchase,Purchased,Winter Collection,8,Online,1105.0,Top,Topwear,Women,Winter Collection,No,4575.0
195,February,No,Social Media Influencer,Women,Purchase,E-Commerce,Made Purchase,Purchased,End of Season Sale,3,Online,1106.0,Joggers,Bottomwear,Women,End of Season Sale,No,2425.0
199,April,Yes,Advertisement,Women,Purchase,Website,Made Purchase,Purchased,New Arrivals,9,Online,1107.0,Co-ord Sets,Topwear,Women,New Arrivals,Yes,2360.0
211,April,Yes,Social Media Influencer,Kids,Purchase,E-Commerce,Made Purchase,Continued Browsing,Summer Collection,8,Online,1108.0,Joggers,Bottomwear,Kids,Summer Collection,Yes,3540.0
214,March,No,Social Media Influencer,Women,Purchase,Social Media,Made Purchase,Purchased,New Arrivals,4,Online,1109.0,Shirt,Topwear,Women,New Arrivals,Yes,725.0
218,January,No,Social Media Influencer,Women,Purchase,Website,Made Purchase,Purchased,Winter Collection,7,Online,1110.0,Shoes,Footwear,Women,Winter Collection,Yes,3905.0
219,April,No,Social Media Influencer,Women,Purchase,Social Media,Made Purchase,Purchased,Summer Collection,7,Online,1111.0,Tshirt,Topwear,Women,Summer Collection,Yes,2185.0
220,January,No,Social Media Influencer,Men,Purchase,Social Media,Made Purchase,Purchased,New Arrivals,6,Online,1112.0,Shirt,Topwear,Men,New Arrivals,Yes,3935.0
221,April,No,Social Media Influencer,Women,Purchase,Social Media,Made Purchase,Purchased,New Arrivals,6,Online,1113.0,Shirt,Topwear,Women,New Arrivals,Yes,1625.0
222,April,Yes,Social Media Influencer,Men,Purchase,Social Media,Made Purchase,Purchased,Summer Collection,9,Online,1114.0,Shoes,Footwear,Men,Summer Collection,Yes,3620.0
223,February,Yes,Advertisement,Women,Purchase,Social Media,Made Purchase,Continued Browsing,End of Season Sale,9,Online,1115.0,Shirt,Topwear,Women,End of Season Sale,No,1485.0
225,February,No,Social Media Influencer,Kids,Purchase,Social Media,Made Purchase,Purchased,End of Season Sale,8,Online,1116.0,Shoes,Footwear,Kids,End of Season Sale,No,2945.0
